test_name,icd10_prefix,icd10,procedure_code,state,ncd_id,ncd_result,rag_used,lcd_id,lcd_result,article_id,article_result,llm_used,final_decision,reason_codes,error
M-prefix - Lumbar spondylosis with radiculopathy,M,M47.22,62321,TX,,NOT_ADDRESSED,YES,33906,COVERED,56651,COVERED,NO,APPROVE,ARTICLE_CRITERIA_SATISFIED,
M-prefix - Intervertebral disc disorder,M,M54.16,64483,CO,,NOT_ADDRESSED,YES,33906,COVERED,56651,COVERED,NO,APPROVE,ARTICLE_CRITERIA_SATISFIED,
M-prefix - SEMANTIC TEST CASE (Conservative Treatment),M,M54.16,64483,TX,,NOT_ADDRESSED,YES,33906,COVERED,56651,COVERED,YES,APPROVE,ARTICLE_CRITERIA_SATISFIED,
E-prefix - Diabetes mellitus with neurological complications,E,E08.44,95851,DE,124,EXCLUDED,YES,,NOT_ADDRESSED,,NOT_ADDRESSED,NO,PEND,NCD_EXCLUDES_PROCEDURE,
E-prefix - Diabetes mellitus with peripheral angiopathy,E,E08.52,95851,FL,124,EXCLUDED,YES,,NOT_ADDRESSED,,NOT_ADDRESSED,NO,PEND,NCD_EXCLUDES_PROCEDURE,
E-prefix - Drug/chemical diabetes mellitus,E,E09.44,95851,GA,124,EXCLUDED,YES,,NOT_ADDRESSED,,NOT_ADDRESSED,NO,PEND,NCD_EXCLUDES_PROCEDURE,
"J-prefix - Bronchopneumonia, unspecified",J,J18.0,95851,DE,124,EXCLUDED,YES,,NOT_ADDRESSED,,NOT_ADDRESSED,NO,PEND,NCD_EXCLUDES_PROCEDURE,
"J-prefix - Lobar pneumonia, unspecified",J,J18.1,95851,FL,124,EXCLUDED,YES,,NOT_ADDRESSED,,NOT_ADDRESSED,NO,PEND,NCD_EXCLUDES_PROCEDURE,
"J-prefix - Hypostatic pneumonia, unspecified",J,J18.2,95851,GA,124,EXCLUDED,YES,,NOT_ADDRESSED,,NOT_ADDRESSED,NO,PEND,NCD_EXCLUDES_PROCEDURE,
